<?xml version="1.0" encoding="UTF-8"?>

<ExtensionManifest Version="4.0" ExtensionBundleId="Oven" ExtensionBundleVersion="1.0.9"
		ExtensionBundleName="Oven" xmlns:xsi="http://www.w3.org/2001/XMLSchema-instance">
	<Author>
		<![CDATA[chrometaphore.com]]>
	</Author>	<Contact mailto="info@chrometaphore.com">
		<![CDATA[Oven. Bake your layers! http://oven.chrometaphore.com]]>
	</Contact>	<ExtensionList>
		<Extension Id="Oven.extension1" Version="1.0" />
	</ExtensionList>
	<ExecutionEnvironment>
		<HostList>
			<Host Name="PHXS" Version="[14.0,99.9]" />
			<Host Name="PHSP" Version="[14.0,99.9]" />
		</HostList>
		<LocaleList>
			<Locale Code="All" />
		</LocaleList>
		<RequiredRuntimeList>
			<RequiredRuntime Name="CSXS" Version="5.0" />

		</RequiredRuntimeList>
	</ExecutionEnvironment>
	<DispatchInfoList>
		<Extension Id="Oven.extension1">
			<DispatchInfo >
				<Resources>
				<MainPath>./index.html</MainPath>
				<ScriptPath>./Oven.jsx</ScriptPath>
				</Resources>
				<Lifecycle>
					<AutoVisible>true</AutoVisible>
				</Lifecycle>
				<UI>
					<Type>Panel</Type>
					<Menu>Oven</Menu>
					<Geometry>
						<Size>
							<Height>270</Height>
							<Width>220</Width>
						</Size>
					</Geometry>
					<Icons>
						<Icon Type="Normal">./icons/panel_icon_light.png</Icon>
						<Icon Type="DarkNormal">./icons/panel_icon_dark.png</Icon>
					</Icons>
				</UI>
			</DispatchInfo>
		</Extension>
	</DispatchInfoList>
</ExtensionManifest>